title,content
"한국거래소, 국채선물 올해 12월물 최종결제기준채권 지정","▲ 여의도 KRX 한국거래소한국거래소는 내일(18일) 거래되는 2025년 12월물 국채선물의 최종결제기준채권을 지정했다고 밝혔습니다.3년 국채선물 2025년 12월물(KTB3F2512)의 기준 채권은 국고02250-2806(25-4), 국고02875-2712(24-12), 국고02625-3003(25-3) 등 3개 종목입니다.5년 국채선물 2025년 12월물(KTB5F2512)에 대해서는 국고02625-3003(25-3), 국고03000-2909(24-7) 등 2개 종목이 최종결제기준채권으로 지정됐습니다.10년 국채선물 2025년 12월물(KTB10F2512)의 기준 채권은 국고02625-3506(25-5), 국고03000-3412(24-13)이고 30년 국채선물 2025년 12월물(KTB30F2512)의 경우 국고02625-5503(25-2), 국고02750-5409(24-8)가 최종결제기준채권입니다.국채선물은 액면가 100원, 표면금리 5%의 국고채를 기초자산으로 하는 파생상품입니다.실제 이런 국고채는 존재하지 않으나, 거래소는 기초자산과 유사하도록 기발행된 6개월 단위 이자 지급 방식의 국고채를 조합해 최종결제기준채권으로 지정합니다.최종결제기준채권별 현물 수익률은 한국금융투자협회가 매일 11시 30분, 16시를 기준으로 산출해 공표합니다.(사진=연합뉴스)"
코빗 가상자산 거래 12시간 먹통…금감원 현장점검 검토,"국내 가상자산 거래소 코빗에서 12시간가량 가상자산 거래가 전면 중단되는 일이 발생해 금융감독원이 현장점검을 검토 중입니다.코빗은 지난 16일 오후 2시 30분부터 오늘(17일) 오전 3시까지 긴급 점검을 진행하면서, 가상자산 주문·체결 등을 포함해 모든 서비스 이용이 제한됐다고 오늘 밝혔습니다.코빗은 당초 공지에서 전날 오후 11시까지 점검 예정이라고 밝혔으나 점검은 오늘 오전 2시까지 연장됐고, 가상자산 거래 지원은 오전 3시부터 재개됐습니다.코빗 관계자는 ""내부 네트워크 문제로 복구하는 데 시간이 걸렸다""며 ""해킹이나 고객정보 유출은 없었다""고 설명했습니다.금감원은 코빗을 통해 거래 중단 원인을 파악하는 한편 현장 점검도 검토 중입니다.금감원 관계자는 ""코빗을 통해 상황을 파악하고 있다""며 ""원인 규명에 더해 재발 방지 대책, 이용자 피해 대응에 관해서도 시간을 갖고 살펴볼 계획""이라고 말했습니다.(사진=코빗 제공, 연합뉴스)"
"""상장 임박·몇 배 수익""…증시 활황에 IPO 투자사기 '주의보'","금융감독원이 ""곧 상장된다""는 정보로 투자자들을 속이는 기업공개(IPO) 투자 사기에 '소비자 경보'를 발령했습니다.금감원에 따르면 최근 국내 증시 회복세를 틈타 불법 업체들이 실체가 없는 비상장주식이 곧 상장할 것처럼 속여 투자자에게 주식 매수를 권유하고 있습니다.일반투자자들이 검증하기 어려운 신기술개발이나 투자 유치 등 과장된 사업 내용과 ""상장 이후 몇 배 수익이 가능하다""는 미끼 등으로 투자자들을 현혹하는 것으로 드러났습니다.불법업체들은 주식 선입고·후결제나 소액의 투자 성공 경험을 제공하며 투자자와 신뢰를 쌓은 뒤 거액 재투자를 유도하는 등 점점 교묘한 수법을 쓰고 있습니다.금감원은 ""불특정 다수가 접근할 수 있는 매체에서 '상장 예정' 등을 내걸고 비상장주식 매수를 권유하는 경우 무조건 사기를 의심해야 한다""며 ""제도권 금융회사는 일대일이나 채팅방, 이메일 등으로 유인해 개별적으로 투자 권유를 하지 않는다""고 강조했습니다.(사진=연합뉴스)"
[D리포트] 한국 경쟁력 '반짝' 하나 싶더니…'기업 효율성' 뚝 떨어졌다,"한국이 올해 글로벌 국가 경쟁력 평가에서 27위를 기록했습니다.역대 최고 순위를 기록한 지난해보다 7계단 하락한 겁니다.우리나라 기업들의 효율성에 대한 평가가 1년 만에 곤두박질치며 전체 순위를 끌어내렸습니다.기획재정부는 스위스 국제경영개발대학원 IMD의 국가경쟁력 평가에서 우리나라가 전체 69개 조사 대상국 가운데 27위를 기록했다고 밝혔습니다.IMD의 국가경쟁력평가는 매년 국가 통계와 설문조사 결과 등을 반영해 나라의 기업 환경 조성 역량과 기업의 운영 역량을 평가하는 지푭니다.경제성과 정부/기업 효율성, 인프라 등 4대 분야에 대한 평가로, 각국 정부와 기업들이 참고자료로 활용하는 공신력을 인정받고 있습니다.올해 조사에서 우리나라는 특히, 지난해 23위에 올랐던 기업 효율성 분야에서 44위로 미끄러지며 전체 순위에서 7계단 내려왔습니다.생산성이나 노동시장, 금융, 경영 관행 등 기업들의 효율성 관련한 모든 부문이 일제히 하락했습니다.인프라 측면에서도 한국은 지난해보다 10계단 하락한 21위를 기록했습니다.특히 디지털/기술 인력 확보나 사이버 보안 역량, 유통 인프라 효율성 등이 낮은 평가를 받았습니다.반면 경제 성과 분야와 정부 효율성 분야는 지난해보다 5위, 8위씩 상승하면서 각각 11위와 31위로 집계됐습니다.다만 '정치적 불안정' 부문의 평가가 지난해 50위에서 60위로 10계단 하락했는데, 12.3 비상계엄으로 인한 정치적 불확실성 증대가 원인으로 꼽힙니다.이번 조사에서 국가별로는 스위스가 전체 1위에 올랐습니다.지난해 1위를 기록했던 싱가포르는 2위로 내려왔고, 3위는 홍콩, 미국이 13위를 차지했습니다.아시아 국가 가운데선 타이완이 6위, 중국이 16위를 기록해 우리보다 순위가 높았고, 일본은 35위에 올랐습니다.(취재 : 이현영, 영상편집 : 정성훈, 제작 : 디지털뉴스편집부)"
"한국, IMD 국가경쟁력 평가서 27위로 7계단 하락","[경제 365]한국이 스위스 국제경영개발대학원, IMD 국가경쟁력 평가에서 작년보다 7계단 하락했습니다.IMD는 매년 6월 세계경쟁력연감을 통해 국가가 기업 하기 좋은 환경을 만들어주는 역량과 기업의 효율적인 운영 역량을 평가하는데 경제성과, 정부 효율성, 기업 효율성, 인프라 등 4대 분야에서 20개 부문, 337개 세부 항목을 평가합니다.올해 평가에서 한국은 전체 69개국 가운데 27위를 차지해 역대 최고 순위였던 지난해 20위보다 7위 낮아졌습니다.기업 효율성 분야가 23위에서 44위로 21계단 떨어지며 전체 순위를 끌어내렸는데, 이 분야에서 생산성, 노동시장, 금융, 경영 관행, 태도·가치관 등 모든 부문이 일제히 하락했습니다.대기업 경쟁력은 41위에서 57위로, 기업의 기회·위협 대응도 17위에서 52위로 떨어졌습니다.---지난달 한국은행의 10원짜리 동전 발행액이 역대 최저를 기록했습니다.한국은행에 따르면, 지난 5월 10원 주화 발행액은 총 1천700만 원으로 관련 통계가 남아있는 1992년 1월 이후 가장 작은 액수입니다.같은 달 한은이 시중에서 거둬들인 10원짜리 동전은 총 3천200만 원으로 발행액보다 두 배 가까이 많았는데, 그만큼 유통되는 10원 주화가 줄었다는 의미입니다.이밖에도 50월 주화의 경우 지난 5월 환수액이 2억 3천200만 원으로, 발행액의 13배에 달해 10원 주화보다 더 빠르게 사라졌습니다.신용카드 등 현금 이외의 지급 결제 수단이 보편화됐고 물가도 상승해 액면가가 낮은 주화 이용이 줄어든 것으로 풀이됩니다.(영상편집 : 정용화)* 이 기사는 AI오디오로 제작됐습니다."
고개 든 주택 매매심리…한 달 만에 토허제 이전 수준 회복,"토지거래허가구역 확대 지정 여파로 수그러들었던 주택매매 심리가 한 달 만에 다시 고개를 들었습니다.오늘(17일) 국토연구원이 발표한 '5월 부동산시장 소비심리지수'에 따르면 지난달 전국 주택매매시장 소비심리지수는 113.0으로 전월보다 4.3포인트 상승했습니다.지수는 지난 3월 114.3으로 높아졌다가 서울 토지거래허가구역이 강남 3구와 용산구 전역으로 확대 지정된 영향으로 4월 108.7로 내려앉았습니다.그런데 한 달 만에 다시 3월 수준을 회복한 것입니다.서울 주택매매시장 소비심리지수는 5월 131.5로 전월보다 11포인트 상승했습니다.3월 지수는 136.1이었습니다.경기 주택매매 소비심리지수도 4월 108.2에서 5월 113.6으로 반등했습니다.지방의 주택매매 심리지수는 지난달 106.2로, 한 달 새 2.0포인트 올랐습니다.전국에서 매매심리지수 상승 폭이 가장 큰 곳은 서울(11포인트)이었고, 경남은 6.1포인트, 광주는 5.7포인트 올랐습니다.반면 세종의 매매심리지수는 24.4포인트 급락했습니다.세종 부동산시장은 행정수도 이전 기대감으로 대선 기간 중 뜨거워졌으나, 이재명 정부가 청와대로 이전을 추진하면서 선거 이후 급격히 식고 있습니다.지난달 전국 주택전세시장 소비심리지수는 101.0으로 0.3포인트 소폭 상승했습니다.주택과 토지를 합친 전국 부동산시장 소비심리지수는 2.0포인트 상승한 104.7이었습니다.(사진=연합뉴스)"
여름철 인기메뉴 '냉면·삼계탕' 가격 또 올라,"서울에서 소비자가 많이 찾는 주요 외식 품목 중에서 여름철 인기 메뉴인 냉면과 삼계탕 가격이 지난달 또 올랐습니다.오늘(17일) 한국소비자원 가격정보종합포털 '참가격'에 따르면 서울에서 냉면 한 그릇 평균 가격은 지난 4월 1만 2천115원에서 지난달 1만 2천269원으로 154원 올랐습니다.여름철 대표 보양식 삼계탕 가격도 1만 7천500원에서 1만 7천654원으로 인상됐습니다.냉면 한 그릇 평균 가격은 2022년 4월 1만 원, 2023년 6월 1만 1천 원, 작년 12월 1만 2천 원 선을 각각 처음 넘었습니다.삼계탕 평균 가격은 2017년 6월 1만 4천 원, 2022년 7월 1만 5천 원, 2023년 1월 1만 6천 원, 작년 7월 1만 7천 원 선을 잇따라 돌파했습니다.실제 유명 식당의 냉면과 삼계탕값은 평균 가격보다 훨씬 비쌉니다.필동면옥은 올해 들어 냉면값을 1만 4천 원에서 1만 5천 원으로, 을밀대는 1만 5천 원에서 1만 6천 원으로 각각 올렸습니다.을지면옥은 냉면을 1만 5천 원에, 우래옥·봉피양·평가옥은 1만 6천 원에 각각 팔고 있습니다.삼계탕 유명식당인 토속촌과 고려삼계탕, 논현삼계탕은 기본 삼계탕 한 그릇을 2만 원에 내놨습니다.칼국수값도 지난 4월 9천615원에서 지난달 9천692원으로 77원, 비빔밥은 1만 1천423원에서 1만 1천642원으로 39원 각각 인상됐습니다.김밥(3천623원), 자장면(7천500원), 삼겹살 1인분(200g·2만 447원), 김치찌개 백반(8천500원) 등 4개 품목 가격은 전달과 동일합니다.지난달 서울 지역 개인 서비스 요금을 보면 이발소 비용은 1만 2천538원, 목욕비는 1만 692원으로 전달과 같습니다."
현대백화점 판교점서 업계 첫 가상자산 '업비트' 팝업,"이미지 확대하기현대백화점은 오는 23일까지 판교점 열린광장에서 국내 1위 가상자산거래소 업비트와 협업해 오프라인 팝업스토어(임시매장)를 연다고 오늘(17일) 밝혔습니다.백화점 업계에서 가상자산을 테마로 한 팝업을 여는 것은 처음입니다.이번 팝업은 165㎡(약 50평) 규모에 가상과 현실을 연결하는 미래지향적 디지털 자산 거래소를 콘셉트로 운영됩니다.체험 공간에서는 투자 성향 MBTI 진단 테스트, 가상자산 키워드 타자 게임, 업비트 퀴즈 게임, 스톱워치 이벤트, 사회관계망서비스(SNS) 공유 이벤트 등이 마련됐습니다.업비트 신규 가입 고객에게는 현대백화점그룹 통합멤버십 H포인트 앱을 통해 3만 원 상당의 비트코인을 받을 수 있는 쿠폰을 증정합니다.현대백화점 관계자는 ""최근 가상자산에 관심이 많은 젊은 고객이 많아지는 추세를 고려해 업비트 팝업을 기획했다""며 ""앞으로도 신개념 공간 콘텐츠로 미래형 소비 트렌드를 선도할 것""이라고 말했습니다.(사진=현대백화점 제공, 연합뉴스)"
"""세종이 인기라더니""…4월 세종 아파트 거래금액, 작년보다 360%↑","▲ 세종시 아파트 단지지난 4월 세종시 아파트 거래량과 거래금액이 급증하며 작년 동월 대비 세 자릿수 증가율을 기록한 것으로 나타났습니다.오늘(17일) 상업용 부동산 전문 프롭테크 기업 부동산플래닛이 국토교통부의 4월 실거래가 자료를 분석한 결과에 따르면 세종시 아파트 거래량은 총 1천326건으로, 전월 대비 79.9% 증가했습니다.거래량 증가에 따라 거래금액도 84.4% 늘어난 6천964억 원을 기록했습니다.작년 동월과 비교하면 거래량은 293.5%, 거래금액은 360.2% 늘어난 규모입니다.국회와 대통령실의 세종 이전 가능성이 대두되면서 수요가 몰린 것으로 풀이됩니다.전국 17개 시도 중 지난 4월 거래량과 거래액이 동반 증가한 지역은 세종과 울산 등 2곳이 유일하며, 세종은 울산보다 더 높은 증가율을 나타냈습니다.울산의 경우 거래량은 1천428건, 거래액은 4천885억 원으로, 전월 대비 각각 0.4%, 11.0% 증가했습니다.그러나 대선 이후 세종의 아파트 매매 시장은 급속히 가라앉는 분위기라는 분석입니다.실제로 한국부동산원의 주간 아파트 가격 동향 자료에 따르면 지난달 둘째 주(5월 12일 기준) 세종시의 아파트 매매가격 상승률은 0.48%에 달했으나 한 달이 지난 이달 둘째 주(6월 9일 기준)에는 상승률이 0.18%로 줄었습니다.한 주 전(6월 2일 기준)에는 0.07%로 상승률이 더 낮았습니다.거래 감소에 따라 매물 건수는 늘어나는 추세입니다.부동산플랫폼 아실에 따르면 세종시 아파트 매물은 17일 현재 6천857건으로, 한 달 전인 지난달 17일(6천408건) 대비 400건 이상 늘어났습니다.일반적으로 거래가 줄어들면 그만큼 시중에 나온 매물 수는 늘어나는 경향이 있습니다.한편 지난 4월 서울의 아파트 거래량은 5천25건으로 전월 대비 47.2% 감소했고, 거래금액도 5조 6095억 원으로 58.7% 줄었습니다.지난 3월 토지거래허가구역(토허구역) 해제 여파로 거래가 증가했다가 한 달여 만에 다시 토허구역을 확대 재지정하면서 거래가 위축됐기 때문입니다.경기와 인천에서도 거래가 줄면서 전국 거래도 급감했습니다.전국 아파트 거래량은 전월 대비 18.2% 줄어든 4만 891건, 거래액은 35% 감소한 29조 375억 원으로 각각 집계됐습니다.(사진=연합뉴스)"
'25만닉스' 신고가 경신…삼성전자도 2%대 상승,"SK하이닉스가 신고가를 재차 경신하며 장중 25만 원을 넘어섰습니다.오전 9시 14분 SK하이닉스는 전장 대비 2.62% 오른 25만 4천500원에 거래되고 있습니다.개장 직후 2.02% 오른 주가는 한때 2.82% 강세로 25만 5천 원을 기록, 역대 최고가를 경신했습니다.주가는 이달 들어 10거래일 중 하루만 제외하고 모두 상승세를 보이고 있습니다.삼성전자도 2.62% 올라 5만 8천700원을 나타내고 있습니다.이는 최근 반도체 업황 및 메모리 가격 인상 기대감이 작용한 것으로 풀이됩니다.간밤 뉴욕 증시에서도 미국과 주요국 간 관세 협상 기대감 속에 필라델피아반도체지수가 3% 넘게 급등했습니다.SK하이닉스의 경우 독보적인 고대역폭 메모리(HBM) 경쟁력이 인공지능(AI) 산업 확산과 맞물려 주가 급등의 동력이 되고 있습니다.(사진=연합뉴스)"
정몽구 사재 100억 출연…고려대 '정몽구 미래의학관' 준공식,"▲ 정몽구 미래의학관현대차그룹 정몽구 명예회장의 사재 기부로 국내 첫 민간 주도 전(全)주기 백신 개발 센터가 문을 열었습니다.현대차그룹은 지난 16일 서울시 성북구 고려대학교 의료원 메디사이언스파크에서 '정몽구 미래의학관' 준공식을 열었다고 오늘(17일) 밝혔습니다.정몽구 미래의학관은 전 주기 백신 개발 플랫폼을 위해 고려대학교 의료원 내 설립된 의학 연구센터입니다.총 1만 2천213㎡ 부지에 지하 1층, 지상 6층으로 조성되는 정몽구 미래의학관은 백신 혁신연구센터를 비롯해 생물안전센터 및 실험연구실, 유전자 세포 치료 연구개발 및 디지털헬스 기반 정밀의학센터, 첨단치료기술 연구개발센터 등을 갖췄습니다.정 명예회장은 2021년 코로나 팬데믹 당시 ""감염병을 극복해 건강과 행복을 되찾는 데 조금이나마 힘이 되고 싶다""며 사재 100억 원을 고려대 의료원에 기부했습니다.이러한 뜻에 따라 정몽구 미래의학관은 감염병 연구에 필수적인 후보물질 유효성 평가 시스템과 전 임상 연구 플랫폼을 완비해 백신 및 신약의 다각도 개발거점으로 역할을 할 전망입니다.이미지 확대하기이날 준공식에는 정 명예회장의 아들인 정의선 현대차그룹 회장과 김재호 고려중앙학원 이사장, 김동원 고려대 총장 등이 참석했습니다.정 회장은 ""정몽구 명예회장님은 기업의 가장 본질적인 가치가 국민 행복이라고 믿었고, 우리 모두가 건강한 삶을 영위하는 데 지원을 아끼지 않으셨다""며 ""이러한 뜻이 정몽구 미래의학관이라는 이름으로 실현되는 자리에 있다는 사실이 감격스럽다""고 밝혔습니다.(사진=현대차그룹 제공, 연합뉴스)"
"[친절한 경제] ""금리 더 내리기 전 막차""…예적금에 몰린 뭉칫돈 10조","<앵커>한지연 기자와 함께하는 친절한 경제 시간입니다. 한 기자, 어서 오세요. (안녕하세요?) 오늘(17일)부터 시중은행들이 신규 주택담보대출 변동금리에 코픽스 금리를 반영하잖아요. 그런데 이 코픽스가 또 떨어졌다고요?<기자>8개월 연속 하락했습니다.5월 신규 취급액 기준 코픽스가 2.63%로 4월보다 0.07% 포인트 떨어졌습니다.코픽스가 뭐냐 하면 자금조달 비용 지수로 국내 8개 은행이 조달한 자금의 가중 평균 금리를 뜻하는데요.은행이 실제로 취급한 예·적금이나, 은행채와 같은 수신 상품의 금리가 오르거나 내리면 이를 반영하게 됩니다.그래서 코픽스가 떨어졌다고 하면 그만큼 은행이 적은 이자를 주고 돈을 확보했다는 뜻이 되고, 반대로 코픽스가 올랐다고 하면 은행이 많은 이자를 주고 돈을 확보했다는 의미가 됩니다.코픽스는 작년 10월 0.03% 포인트 하락 이후에 계속 내림세로 2022년 6월 2.38% 이후에 2년 11개월 만에 가장 낮은 수준을 보이고 있는데요.신규 취급액 기준 코픽스는 은행이 지난달 중 신규로 조달한 자금을 대상으로 하기 때문에 상대적으로 시장 금리 변동이 신속하게 반영되고요.잔액 기준과 신잔액기준 코픽스는 시장금리 변동이 서서히 반영됩니다.지난 2019년 6월 도입된 신 잔액기준 코픽스도 전월 대비 0.05% 포인트 하락해서 2.71%가 됐습니다.코픽스 하락으로 시중은행들은 오늘부터 신규 주택담보대출 등 변동금리에 새로운 코픽스 금리를 반영하게 됩니다.<앵커>짚어주셨듯이 코픽스가 연속해서 떨어지고 있다는 것은 그만큼 예·적금 금리도 떨어지고 있다는 말이잖아요. 그런데 이런 금리 인하기에도 예·적금 수요는 특이하게 몰리고 있다고요?<기자>원래 이런 인하기에는 이렇게 은행에서 돈이 빠져나가기 마련인데, 예금금리가 더 떨어지기 전에 예금과 적금에 가입하려는 수요가 몰린 것으로 나타났습니다.한국은행 자료를 보면 지난 4월 시중에 유통된 통화량이 한 달 만에 0.2%, 8조 1천억 원으로 는 것으로 나타났습니다.지난 3월 같은 경우는 대내외 경기 불확실성으로 0.1% 하락한 것으로 나타났거든요.그러면서 23개월 연속 이어졌던 증가세가 마무리되나 했는데, 한 달 만에 다시 증가로 전환한 겁니다.이렇게 늘어난 것에 원인은 2년 미만의 예·적금 수요가 큽니다.9조 4천억 원 증가했는데요.그 전달인 3월에 1조 9천억 원 증가했던 것에 비해 많이 늘었죠.작년 8월, 10조 2천억 원 증가 이후에 8개월 만에 가장 큰 폭으로 증가한 수치입니다.정기 예·적금 금리가 더 떨어지기 전에 예치하려는 수요가 몰린 겁니다.<앵커>한 기자, 그런데 기준금리가 떨어지기 시작한 것은 지난해 10월부터더라고요. 그런데 금리는 예전부터 떨어지기 시작한 건데, 유독 지난 4월에 이렇게 사람들이 많이 몰린 건가요?<기자>기준금리 그래프를 보면서 조금 설명을 들으면 이해하기 쉬운데요.아까 제가 예·적금이 몰리기 전에 더 예·적금 수요가 컸던 게 언제라고 제가 그랬죠?<앵커>작년 8월이라고 하셨죠.<기자>작년 8월의 그래프를 보면 기준금리가 내려가기 바로 직전인데요.그때 이미 다음 한국은행 금통위에서 기준금리 내릴 거다, 이런 예측이 나오잖아요.그때 예·적금 수요가 몰린 겁니다.올해도 계속해서 그래프를 보시면 기준금리가 올해 2월에 한 번 내린 뒤에 4월에 유지하고, 5월에 한 차례 더 내렸잖아요.5월에 내리는 게 유력하다는 말이 나오자, 그 전인 4월에 예·적금 수요가 몰린 것으로 추정이 됩니다.수익증권도 5조 1천억 원 늘었는데, 수익증권의 경우, 예금 대비 상대적으로 높은 수익률을 주는 단기 채권형을 중심으로 증가한 것으로 나타났습니다."
'지브리 프사'가 불러온 놀라운 변화…진정한 혁신의 순간 [스프],"트렌드를 알면 오늘을 이해하고 내일을 예측할 수 있습니다. 요즘 내가 놓치고 있는 흐름이 있는지, 지금 세상이 어떻게 돌아가는지 궁금한 사람이라면 '트렌드 언박싱'.2007년, 스티브 잡스가 세상에 선보인 스마트폰은 인류의 생활 방식을 근본적으로 변화시켰다. '포노 사피엔스(Phono Sapiens)'라는 용어가 나타내듯, 인간은 손안의 기술을 통해 새로운 진화의 길로 접어들게 되었다. 그리고 이제, 우리는 또 하나의 문 앞에 서 있다. 이번에는 인공지능(AI)이다.이제 인공지능은 텍스트와 언어를 실시간으로 번역하고, 예술 작품을 창작하며, 음악을 작곡하고, 개별 소비자 맞춤형 신용평가 모델을 설계한다. 의료 분야에서는 진단과 치료 결정을 보조하며, 제약 산업에서는 방대한 생물학적 데이터를 분석하여 신약 후보물질을 도출해내고 있다. 이처럼 AI는 인간의 창의성과 전문성을 보완하거나 때로는 능가하기도 하며, 전례 없는 속도로 사회 전반에 스며들고 있다. 제조업, 의료, 금융, 문화, 교육, 보안에 이르기까지, 인공지능이 미치지 않는 분야를 찾기 어렵다.이처럼 인공지능의 영향력이 커지면서 글로벌 비즈니스 생태계가 AI 중심의 대전환을 겪고 있다. 기업과 국가 모두 AI 역량 부족이 경쟁 우위 상실로 직결될 것이라는 위기의식을 보이고 있다. 스타트업부터 대기업, 국가까지 'AI 퍼스트' 전략을 선언하며 막대한 자원을 투입하고 있다. AI가 불러일으킨 변화는 이제 기존 질서를 송두리째 흔드는 허리케인이 되었다.하지만 시장과 국가의 중요한 의사결정자들은 기술 중심의 'AI 퍼스트' 접근법으로 속도에만 집착한 나머지 방향성을 놓치는 오류를 범하고 있다. 진정한 혁신은 기술 자체가 아니라 문제를 새롭게 정의하는 것에서 출발하기 때문이다. 즉, 혁신은 문제를 재정의하는 것에서 시작되고, 이것은 AI 시대에도 마찬가지이다. 그 기술이 인간의 본질적 욕구를 얼마나 잘 해결하느냐가 핵심이다.성공한 AI 기업들의 공통점 : 문제에 대한 재정의성공적인 AI 비즈니스들을 들여다보면 흥미로운 공통점이 보인다. 모두 기술적 우수성보다 기존 문제를 새롭게 정의하는 것에서 출발했다는 점이다. AI 기반 비즈니스 생태계에서 주목받고 빠른 성장을 이루어 내고 있는 스타트업들을 통해 구체적으로 살펴보자.업스타트(미국의 핀테크 스타트업으로 기존 신용 점수 체계를 대체하는 AI 기반 대안 모델을 개발함)는 ""신용 없는 청년은 정말로 위험한 고객일까?""라는 질문으로 신용평가 문제를 재정의했다. 기존 FICO 점수는 과거 금융 이력에만 의존해 신용이력이 부족한 청년층을 높은 위험군으로 분류했다. 업스타트는 이 문제를 '데이터 부족'이 아니라 '데이터 다양성 부족'으로 재정의했다. 학력, 전공, 직업, 소득 궤적 등 비전통적 데이터를 AI로 분석해 더 공정하고 정확한 신용평가 모델을 개발했다. 문제 정의가 바뀌자 해법도 달라졌고, 금융 소외 계층에게 새로운 기회가 열렸다.랜딩AI(제조 분야에 특화된 AI 솔루션을 제공하는 스타트업으로, 중소기업도 AI를 손쉽게 도입할 수 있도록 적은 양의 데이터만으로 고성능을 낼 수 있는 시스템을 개발함) 창업자인 앤드류 응은 ""AI 솔루션을 위해서는 방대한 데이터가 필수적인가?""라는 문제의식으로 AI 접근성 문제를 재정의했다. 기존에는 AI 도입을 위해 수천 개의 고품질 데이터와 복잡한 인프라가 필요하다고 여겨졌다. 앤드류 응은 이를 '기술적 진입장벽'에서 '적은 데이터로도 높은 성능을 발휘하는 AI'라는 새로운 관점으로 접근했다. 단 50개의 데이터 포인트만으로도 정교한 품질 검사가 가능한 시스템을 구현해 중소 제조업체도 AI 혜택을 누릴 수 있게 만들었다.런웨이AI(영상·이미지·음악 등 다양한 창작 콘텐츠를 위한 AI 기반 도구를 개발한 스타트업으로, 노코드 방식의 인터페이스를 통해 비전문가도 쉽게 사용할 수 있는 환경을 제공함)는 창작자들이 느끼는 기술적 거리감을 '창작 도구의 민주화'라는 관점으로 재정의했다. 당시 AI는 고도로 전문화된 기술로 여겨져 예술가나 독립 창작자가 직접 활용하기엔 너무 복잡했다. 크리스토발 발렌수엘라와 공동창업자들은 이 문제를 '기술의 복잡성'에서 '접근성의 문제'로 재정의했다. 복잡한 머신러닝 모델을 비전문가도 직관적으로 사용할 수 있는 노코드 환경으로 구현해 창작의 민주화를 실현했다.루닛(의료 인공지능 솔루션 기업으로, 영상 분석 기술을 통해 암 조기 진단 및 판독 지원에 특화된 시스템을 개발)은 ""의료 영상 판독이 의사의 경험성에만 의존해야 할까?""라는 질문으로 의료 진단의 근본적 문제를 새롭게 바라보았다. 기존에는 숙련된 전문의도 초기 폐암을 20~30% 확률로 놓칠 수 있고, 응급 환자의 CT 판독에 평균 8시간 이상이 걸렸다. 서범석 창업자는 이 문제를 '의료진의 한계'에서 'AI로 보강 가능한 객관적 진단 시스템'으로 재정의했다. 미세한 병변까지 탐지하는 AI 영상 분석으로 진단 정확도를 높이고 판독 시간을 대폭 단축해, 의료진 부족 지역에서도 신속하고 정확한 진단이 가능하게 만들었다. 이처럼 이들의 성공 요인은 'AI 기술력을 얼마나 높이는가'가 아니라 해결되어야 하는 문제가 진정한 문제가 무엇인가'를 파악한 통찰력에 있었다.오픈AI의 '지브리 순간', 진정한 혁신의 가능성을 보여준 순간하지만 앞서 살펴본 사례들은 여전히 전문적인 영역이라는 제한적 틀안에서 AI가 영향력을 발휘하는 모습들을 보여주고 있다. 진정한 혁신은 사회 전반에서, 일상의 모습으로 나타났을 때 실현되었다고 할 수 있다. 그렇다면, AI 비즈니스 모델은 어떻게 일상으로 스며들 수 있을까?2024년 초까지만 해도 생성형 AI의 수익성에 대한 의구심이 해소되지 않으면서, 과연 AI의 일상화는 언제 가능할 것인가에 대한 질문이 지배적이었다. 오픈AI조차 5억 4천만 달러 수익에 7억 달러 이상을 지출하며 적자를 기록했기 때문이다.그런데 결정적 전환점이 찾아왔다. '지브리 스타일' 이미지 생성 기능이었다. 사용자들이 프롬프트에 '지브리 스타일'을 입력하면 감성적이고 따뜻한 애니메이션 이미지가 생성되었고, 이는 소셜미디어를 통해 폭발적으로 확산되었다. 결과는 놀라웠다. ChatGPT 유료 구독자가 450만 명 증가했고, 전체 가입자는 5억 명을 돌파했다. 기술적 정밀함이 아니라 정서적 울림이 사용자 반응을 결정지은 순간이었다. 사람들은 '지브리 스타일'이라는 언어를 통해 AI 사용법을 익히게 되었고, 또 지브리 스튜디오의 따뜻한 애니메이션 세계에서 자신만의 세상을 만들고 싶어한다는 욕구를 실현할 수 있게 된 것이다.통계와 기술 너머의 진실모두가 AI와 기술을 외치면서 모든 것이 빅데이터와 통계, 기술로 결정되는 것처럼 보인다. 하지만 이런 숫자들을 움직이는 근본적 힘은 데이터 너머에 있다. 바로 사람들의 선택과 그 선택을 이끄는 감정, 가치관이다.에어비앤비가 호텔 산업을 뒤흔든 것은 '저렴한 숙박' 때문이 아니었다. 현지인의 삶을 체험하고 타인과 진정한 연결을 원하는 현대인의 심리를 간파했기 때문이다. 토스는 복잡하고 불투명한 기존 금융 서비스에 대한 고객들의 깊은 불신과 피로감을 정확히 읽어냈다. '간편함'이라는 철학은 단순한 UX 원칙이 아니라, 금융 영역에서 사람들이 느끼는 심리적 부담을 덜어주려는 인간적 배려였다. 넷플릭스의 스트리밍 전환도 마찬가지다. 기술적 가능성보다 현대인들의 시간 인식 변화를 먼저 예견했다. 계획적 소비에서 충동적, 감정적 소비로 패턴이 바뀐 것을 포착한 것이다.AI 시대의 진짜 승부수, 기술이 아닌 통찰력에서모든 것이 알고리즘과 데이터로 결정되는 것처럼 보이는 AI 시대에도, 결국 그 알고리즘을 설계하고 데이터를 해석하는 것은 인간이다. 더 중요한 것은 그 기술을 어떤 방향으로, 어떤 목적으로 활용할 것인가를 결정하는 것도 인간의 선택이라는 점이다.AI 기술 자체는 빠르게 발전하고 있다. 하지만 그 기술이 진정한 가치를 창출하려면 사람과 사회의 문제와 욕구를 정확히 파악하는 통찰력이 선행되어야 한다. 즉, 오늘날의 AI 스타트업들은 단순한 기술 기반 기업이 아니다는 이야기이다. 이들은 문제를 바라보고 풀어가는 과정에서 AI를 전략적으로 활용함으로써 기존의 성장 공식을 뒤집고, 새로운 혁신의 물결을 만들어가는 존재인 것이다.(남은 이야기는 스프에서)"
은행 임원 긴급소집…일단 대출부터 조이기?,"<앵커>서울 아파트 시장이 과열되면서 부동산을 사기 위한 가계대출까지 치솟자, 금융당국이 주요 은행들의 대출 담당 임원들을 긴급 소집했습니다. 시장에서는 정부가 추가 대출규제를 할 수 있다는 관측도 나옵니다.이 내용은 노동규 기자가 취재했습니다.<기자>30대 직장인 김 모 씨는 오는 8월 입주 예정인 아파트 잔금 4억 8천만 원을 대출로 충당할 계획입니다.다음 달 규제가 강화되기 전에 대출을 받아둬야 한다는 생각이 앞섭니다.[30대 직장인 : 저 같은 경우에는 아직 만 34세 이하이기 때문에 아무래도 상환기간을 오래 가져갈 수 있는 50년을 (원하는데) 제시하는 은행이 몇 개 없더라고요.]이렇게 '막차 수요'가 몰린 데다, 추격 매수 심리까지 번지며 가계대출은 계속 불어나고 있습니다.정부의 가계대출 총량 규제에서 여력이 있는 일부 은행들이 최근 주택담보대출 만기나 한도를 늘리는 영업을 벌인 영향도 있습니다.가계대출은 지난달 6조 원 증가하며 7개월 만에 최대 증가 폭을 기록한 데 이어, 이달에도 시중은행 다섯 곳에서만 약 2조 7천억 원이 늘었습니다.주택담보대출뿐만 아니라 신용대출 수요도 많습니다.[은행 관계자 : 보통 마이너스 통장이 늘어난다고 하면 주식상황이나 시장 상황, 이런 것들에 따라 움직이는 거였는데 이제 '3단계 DSR' 시행을 앞두고 한도를 미리 뚫어놓고 만들어 놓는 거죠.]이에 금융당국이 주요 은행들의 대출 담당 임원들을 긴급 소집했습니다.[○○은행 부행장 : 저희 은행에서 가계대출이 증가하지 않도록 잘 관리를 하겠다. 그리고 그런 시스템을 잘 갖추고 있다, 이렇게 말씀을 드릴 예정입니다.]월별, 분기별 가계대출 목표치를 준수하고, 다주택자 대출 취급을 자제해 달라는 메시지를 전했습니다.대선 과정에서 이재명 대통령은 공급 확대에 방점을 찍었지만, 공급 확대의 집값 안정 효과는 시간이 걸리는 게 사실입니다.당장의 과열을 진정시키기 위해 정부가 긴급한 수요 관리, 즉 추가 대출 규제에 나설지 않을까 시장은 촉각을 곤두세우고 있습니다.(영상취재: 김학모·신동환 / 영상편집: 정용화 / 디자인: 이준호·임찬혁 / VJ: 정한욱)"
"""내 집 마련 어쩌나""…경매 열기에 학원도 '북적'","<앵커>요즘 경매 지식을 배우기 위해 경매 학원을 찾는 사람들이 늘고 있습니다. 최근 서울 아파트값이 크게 오르면서 내 집 마련은 더 힘들어질 수도 있다는 불안감이 사람들의 발길을 경매 학원으로 이끌고 있는 겁니다.하정연 기자가 현장 취재했습니다.<기자>서울의 한 경매 학원입니다.토요일 이른 아침부터 수강생들이 몰렸습니다.경매 지식도 배우고, 추천 물건 정보도 파악하기 위해 학원을 찾습니다.[등기부등본상 이거 보니까]서울 아파트값이 19주 연속 오르고, 최근 상승폭을 키워나가자 경매학원을 찾는 사람들도 늘었다고 합니다.내 집 마련 기회가 멀어지는 거 아니냐는 공포감도 한몫하고 있습니다.[A 경매 학원 : 저희가 실무에서 느끼기에는 실제 배우러 오는 사람들은 이미 막 (가격이) 올라서 약간 패닉상태로 와서 배우시는 거예요. 어떻게든지 사려고.]이런 불안감이 촉발한 추격 매수 심리가 경매 시장에도 번지는 양상입니다.지난달 서울 아파트의 감정가 대비 낙찰가격 비율인 매각가율은 96.5%로, 35개월 만에 최고치를 찍었습니다.보통 경매에서는 감정가보다 낮은 가격에 낙찰되는 경우가 많은데, 낙찰가격이 감정가와 비슷한 수준까지 올랐다는 뜻입니다.강남 압구정동과 마포 대흥동에서는 감정가보다 30% 높은 가격에 낙찰된 물건도 있습니다.마포, 성동 등 일부 한강변 자치구까지 매각가율이 100%를 넘었습니다.경매에 대한 관심이 높아진 이유는 또 있습니다.[김유한/정오 경매학원 대표 : 경매로 진입하게 되면 토허제에 대한 영향을 받지 않기 때문에 경매 시장이 더욱더 활성화되는 이유가 되는 것 같기도 합니다.]토지거래허가지역의 경우 아파트를 사면 2년간 실거주해야 하지만, 경매 물건은 예외이기 때문입니다.다만, 전체 경매 물건 중 실제 낙찰되는 비율은 40%에 머물러 있습니다.[강은현/EH경매연구소 소장 : 일부 지역은 100% 넘겨서 낙찰되잖아요. 그러다 보니까 이 친구들이 평균 낙찰가를 끌어올리고 있는데 이건 특정 지역의 아파트에 국한돼 있다는 거죠. 모든 지역의 물건은 안 그래요.]경매 시장에서도 '똘똘한 한 채'에 수요가 몰리는 양극화가 뚜렷하다는 얘기입니다.(영상취재 : 오영춘, 영상편집 : 조무환, 디자인 : 임찬혁)"
국민연금의 배신?…건보료 · 세금에 실수령액 '뚝',"▲ 국민연금공단 서울북부지역본부 종합삼담실 모습국민연금을 수령할 노년층이 건강보험료와 소득세라는 '이중고'에 직면하면서, 실제 손에 쥐는 연금액이 예상보다 크게 줄어들 수 있다는 분석이 나왔습니다.특히 2022년 9월 시행된 건보료 부과체계 2단계 개편 이후 연금소득으로 건강보험 피부양자 자격을 잃고 지역가입자로 전환돼 매달 수십만 원의 건보료를 새로 부담해야 하는 사례가 늘고 있어 은퇴 준비에 적신호가 켜졌습니다.오늘(17일) 국민연금연구원의 '건강보험과 연금소득 과세가 국민연금에 미치는 영향' 보고서에 따르면 기존에 자녀의 직장 건강보험에 피부양자로 등록됐던 연금 수급자들이 대거 지역가입자로 전환될 가능성이 제기됐습니다.건보료 부과체계 2단계 개편으로 피부양자 자격 유지 소득 기준이 연 3천400만 원에서 2천만 원으로 강화됐기 때문입니다.보고서는 이 때문에 60세 이상자가 있는 피부양 가구의 7.2%, 약 24만 9천 가구가 지역가입자로 전환될 것으로 추산했습니다.이들이 추가로 부담해야 할 건보료는 연평균 264만 원, 월평균 약 22만 원에 달합니다.갑작스러운 건보료 부담은 노후 생활에 큰 변수가 될 수밖에 없습니다.문제는 여기서 그치지 않습니다.같은 금액의 연금을 받더라도, 연금의 종류에 따라 건보료 부담이 달라지는 '형평성의 덫'이 존재합니다.현행 건보료는 국민연금 등 공적연금 소득에는 부과되지만, 기초연금이나 퇴직·개인연금 등 사적연금 소득에는 부과되지 않습니다.예컨대 월 200만 원의 연금소득이 전액 국민연금인 A 씨는 200만 원 전체가 건보료 부과 대상 소득으로 잡히지만(소득의 50% 반영), 국민연금 100만 원과 퇴직연금 100만 원을 받는 B 씨는 국민연금 100만 원에 대해서만 건보료를 내게 됩니다.총소득은 같지만 국민연금에만 의존하는 수급자가 건보료를 더 많이 내는 불합리한 구조입니다.세금 문제도 비슷합니다.기초연금은 전액 비과세 대상이라 세금 부담이 없지만, 국민연금 노령연금은 과세 대상입니다.이로 말미암아 국민연금과 기초연금을 함께 받는 수급자가 전액 국민연금만 받는 수급자에 비해 실질 가처분소득이 더 높은 현상이 발생합니다.이런 부담은 연금 수급을 앞둔 이들의 행동에도 영향을 미치는 것으로 나타났습니다.보고서는 건강보험료 부담을 피하기 위해 상대적으로 연금액이 많은 수급 예정자가 정상적인 노령연금 대신 감액을 감수하고 '조기노령연금'을 선택하는 경향이 나타날 수 있음을 시사했습니다.당장의 건보료 부담을 줄이기 위해 장기적으로는 손해인 선택을 할 수 있다는 의미입니다.조기노령연금은 법정 노령연금 수령 시기를 1∼5년 앞당겨서 받는 제도입니다.1년 일찍 받을 때마다 연 6%씩(월 0.5%씩) 연금액이 깎여 5년 당겨 받으면 최대 30% 감액된 연금액을 평생 받습니다.즉 5년 일찍 받으면 원래 받을 연금의 70%를 받고, 4년 당기면 76%, 3년 당기면 82%, 2년 당기면 88%, 1년 당기면 94%를 받습니다.이처럼 국민연금을 일찍 받으면 그만큼 수령액이 깎여 손해를 보기에 '손해 연금'이라고 불립니다.따라서 국민연금의 실질적인 보장성을 논할 때 액면 연금액뿐 아니라 건강보험료와 세금을 제외한 '순연금소득' 관점에서 접근해야 한다고 전문가들은 강조합니다.보고서는 정책 제언을 통해 ▲ 건강보험료 부과 시 국민연금 소득에서 기초연금액만큼을 공제하고 ▲ 주택연금도 주택금융부채 공제에 포함하며 ▲ 수급 예정자들에게 이런 세금·보험료 정보를 상세히 안내해야 한다고 밝혔습니다.(사진=연합뉴스)"
'달걀값 상승' 담합 조사…공급 확대도 추진,"<앵커>달걀 한 판이 이제 8000원에 육박할 정도로 달걀값이 무섭게 오르고 있죠. 그래서 정부가 그 이면에 가격 담합은 없었는지 조사에 나섰습니다. 달걀 생산 농가들의 조직인 산란계협회가 가격 상승을 주도한 건 아닌지 살펴보겠다는 겁니다. 정부는 또 달걀값을 잡을 여러 방안도 내놓았습니다.엄민재 기자가 취재했습니다.<기자>대형마트 달걀 30개, 한 판 가격은 이제는 8천 원에 육박합니다.[양희림/서울 양천구 : 오르는 게 더 눈에 딱 띄더라고요. (가격을) 매번 봐요, 마트 오면 계란 값이 어떤가, 그래서 가장 좀 괜찮을 때 사려고….]지난달 평균 달걀 소비자 가격이 특란 30개짜리 한 판에 7천26원을 기록하며 4년 만에 처음 7천 원을 넘어서더니 이후에도 떨어질 기미가 없습니다.산란계협회는 정부의 사육 면적 규제 등이 원인이라고 주장하지만, 정부는 협회의 담합을 의심했습니다.협회가 고시한 달걀 산지 가격은 지난 2월 개당 146원에서 지난달 190원으로 30% 넘게 올랐는데, 인상 요인이 없는데도 이렇게 올린 건 일종의 가격 담합으로 보인다는 겁니다.공정거래위원회는 산란계협회 본부와 경기, 충남지회 등 3곳에 조사관을 보내 전격적으로 현장조사에 착수했습니다.협회가 회원사들에게 고시 가격을 따르도록 해 달걀 가격을 견인했는지 살펴보는 것으로 알려졌습니다.이와 함께 정부는 생산자단체의 산지가격 고시를 폐지하고, 달걀 공급도 늘리기로 했습니다.산란계 사육기간을 평균 84주에서 87주로 연장해 달걀 생산량을 약 4% 늘리고, 0% 할당관세가 적용되는 달걀 가공품 물량도 4천 톤에서 1만 톤으로 늘릴 계획입니다.[이형일/기획재정부 1차관 : 먹거리 등의 가격 상승률도 여전히 높아 생계비 부담이 이어지고 있습니다. 계란, 닭고기 등 가격 수급 관리가 필요한 품목은 맞춤형 대응을 하겠습니다.]또 농협 자체 할인과 농가에서 조성한 기금 등을 활용해 대형마트 등에 납품하는 단가를 30구 한 판 당 최대 1천 원 인하하는 방안도 이달 중 추진하기로 했습니다.(영상취재 : 제 일, 영상편집 : 채철호)"
'달걀값 상승' 담합 조사…공급 확대 추진,"<앵커>요즘 고공행진을 이어가고 있는 달걀값과 관련해, 정부가 가격 담합 조사에 나섰습니다. 최근 달걀값 상승을 산란계협회가 주도한 건 아닌지 살펴보겠다는 겁니다.엄민재 기자의 보도입니다.<기자>대형마트 달걀 30개, 한 판 가격은 이제는 8천 원에 육박합니다.[양희림/서울 양천구 : 오르는 게 더 눈에 딱 띄더라고요. (가격을) 매번 봐요, 마트 오면 계란 값이 어떤가, 그래서 가장 좀 괜찮을 때 사려고….]지난달 평균 달걀 소비자 가격이 특란 30개짜리 한 판에 7천26원을 기록하며 4년 만에 처음 7천 원을 넘어서더니 이후에도 떨어질 기미가 없습니다.산란계협회는 정부의 사육 면적 규제 등이 원인이라고 주장하지만, 정부는 협회의 담합을 의심했습니다.협회가 고시한 달걀 산지 가격은 지난 2월 개당 146원에서 지난달 190원으로 30% 넘게 올랐는데, 인상 요인이 없는데도 이렇게 올린 건 일종의 가격 담합으로 보인다는 겁니다.공정거래위원회는 산란계협회 본부와 경기, 충남지회 등 3곳에 조사관을 보내 전격적으로 현장조사에 착수했습니다.협회가 회원사들에게 고시 가격을 따르도록 해 달걀 가격을 견인했는지 살펴보는 것으로 알려졌습니다.이와 함께 정부는 생산자단체의 산지가격 고시를 폐지하고, 달걀 공급도 늘리기로 했습니다.산란계 사육기간을 평균 84주에서 87주로 연장해 달걀 생산량을 약 4% 늘리고, 0% 할당관세가 적용되는 달걀 가공품 물량도 4천 톤에서 1만 톤으로 늘릴 계획입니다.[이형일/기획재정부 1차관 : 먹거리 등의 가격 상승률도 여전히 높아 생계비 부담이 이어지고 있습니다. 계란, 닭고기 등 가격 수급 관리가 필요한 품목은 맞춤형 대응을 하겠습니다.]또 농협 자체 할인과 농가에서 조성한 기금 등을 활용해 대형마트 등에 납품하는 단가를 30구 한 판 당 최대 1천 원 인하하는 방안도 이달 중 추진하기로 했습니다.(영상취재 : 제 일, 영상편집 : 채철호)"
"""눈에 딱 띄게 뛰더니"" 8천 원 육박…규제 탓? 담합 탓?","<앵커>달걀값이 계속 오르자 정부가 가격 담합 조사에 나섰습니다. 산란계협회가, 고시가격을 회원사들에게 따르도록 한 건 아닌지 살펴보겠단 겁니다. 정부는 달걀 공급도 늘리기로 했습니다.엄민재 기자입니다.<기자>대형마트 달걀 30개, 한 판 가격은 이젠 8천 원에 육박합니다.[양희림/서울 양천구 : 오르는 게 더 눈에 딱 띄더라고요. (가격을) 매번 봐요, 마트 오면 계란 값이 어떤가, 그래서 가장 좀 괜찮을 때 사려고….]지난달 평균 달걀 소비자 가격이 특란 30개짜리 한 판에 7천26원을 기록하며 4년 만에 처음 7천 원을 넘어서더니 이후에도 떨어질 기미가 없습니다.산란계협회는 정부의 사육 면적 규제 등이 원인이라고 주장하지만, 정부는 협회의 담합을 의심했습니다.협회가 고시한 달걀 산지 가격은 지난 2월 개당 146원에서 지난달 190원으로 30% 넘게 올랐는데, 인상 요인이 없는데도 이렇게 올린 건 일종의 가격 담합으로 보인다는 겁니다.공정거래위원회는 산란계협회 본부와 경기, 충남지회 등 3곳에 조사관을 보내 전격적으로 현장조사에 착수했습니다.협회가 회원사들에게 고시 가격을 따르도록 해 달걀 가격을 견인했는지 살펴보는 것으로 알려졌습니다.이와 함께 정부는 생산자단체의 산지가격 고시를 폐지하고, 달걀 공급도 늘리기로 했습니다.산란계 사육기간을 평균 84주에서 87주로 연장해 달걀 생산량을 약 4% 늘리고, 0% 할당관세가 적용되는 달걀 가공품 물량도 4천 톤에서 1만 톤으로 늘릴 계획입니다.[이형일/기획재정부 1차관 : 먹거리 등의 가격 상승률도 여전히 높아 생계비 부담이 이어지고 있습니다. 계란, 닭고기 등 가격 수급 관리가 필요한 품목은 맞춤형 대응을 하겠습니다.]또 농협 자체 할인과 농가에서 조성한 기금 등을 활용해 대형마트 등에 납품하는 단가를 30구 한 판 당 최대 1천 원 인하하는 방안도 이달 중 추진하기로 했습니다.(영상취재 : 제  일, 영상편집 : 채철호)"
"""미리 뚫어놓자"" 막차 수요에…대출 담당 임원 긴급소집","<앵커>이렇게 들썩이는 집값과 함께 가계대출도 치솟자, 금융당국이 주요 은행들의 대출 담당 임원들을 긴급 소집했습니다. 정부가 추가 대출 규제에 나설지 관심이 쏠리고 있습니다.이어서 노동규 기자입니다.<기자>30대 직장인 김 모 씨는 오는 8월 입주 예정인 아파트의 잔금 4억 8천만 원을 대출로 충당할 계획입니다.다음 달 규제가 강화되기 전에 대출을 받아둬야 한다는 생각이 앞섭니다.[30대 직장인 : 저 같은 경우에는 아직 만 34세 이하이기 때문에 아무래도 상환기간을 오래 가져갈 수 있는 50년을 (원하는데) 제시하는 은행이 몇 개 없더라고요.]이렇게 '막차 수요'가 몰린 데다, 추격 매수 심리까지 번지며 가계대출은 계속 불어나고 있습니다.정부의 가계대출 총량 규제에서 여력이 있는 일부 은행들이 최근 주택담보대출 만기나 한도를 늘리는 영업을 벌인 영향도 있습니다.가계대출은 지난달 6조 원 증가하며 7개월 만에 최대 증가폭을 기록한 데 이어, 이달에도 시중은행 다섯 곳에서만 약 2조 7천억 원이 늘었습니다.주택담보대출뿐만 아니라 신용대출 수요도 많습니다.[은행 관계자 : 보통 마이너스 통장이 늘어난다고 하면 주식상황이나 시장 상황, 이런 것들에 따라 움직이는 거였는데 이제 '3단계DSR' 시행을 앞두고 한도를 미리 뚫어놓고 만들어 놓는 거죠.]이에 금융당국이 주요 은행들의 대출 담당 임원들을 긴급 소집했습니다.[○○은행 부행장 : 저희 은행에서 가계대출이 증가하지 않도록 잘 관리를 하겠다. 그리고 그런 시스템을 잘 갖추고 있다, 이렇게 말씀을 드릴 예정입니다.]월별, 분기별 가계대출 목표치를 준수하고, 다주택자 대출 취급을 자제해 달라는 메시지를 전했습니다.대선 과정에서 이재명 대통령은 공급 확대에 방점을 찍었지만, 공급 확대의 집값 안정 효과는 시간이 걸리는 게 사실입니다.당장의 과열을 진정시키기 위해 정부가 긴급한 수요 관리, 즉 추가 대출 규제에 나서지 않을까 시장은 촉각을 곤두세우고 있습니다.(영상취재 : 김학모·신동환, 영상편집 : 정용화, 디자인 : 이준호·임찬혁, VJ : 정한욱)"
"""패닉에 빠져 배운다""…경매도 끌어올린 '똘똘한 한 채'","<앵커>서울 집값 상승세가 가팔라지면서 내 집 마련 기회가 멀어진 거 아니냐는 사람들 불안감이 커지고 있습니다. 그래서인지, 최근에는 부동산경매 지식을 배우려는 사람들로 경매 학원이 북적이고 있다는데요.하정연 기자가 현장 취재했습니다.<기자>서울의 한 경매 학원입니다.토요일 이른 아침부터 수강생들이 몰렸습니다.경매 지식도 배우고, 추천 물건 정보도 파악하기 위해 학원을 찾습니다.[등기부등본상 이거 보니까]서울 아파트값이 19주 연속 오르고, 최근 상승폭을 키워나가자 경매학원을 찾는 사람들도 늘었다고 합니다.내 집 마련 기회가 멀어지는 거 아니냐는 공포감도 한몫하고 있습니다.[A 경매 학원 : 저희가 실무에서 느끼기에는 실제 배우러 오는 사람들은 이미 막 (가격이) 올라서 약간 패닉상태로 와서 배우시는 거예요. 어떻게든지 사려고.]이런 불안감이 촉발한 추격 매수 심리가 경매 시장에도 번지는 양상입니다.지난달 서울 아파트의 감정가 대비 낙찰가격 비율인 매각가율은 96.5%로, 35개월 만에 최고치를 찍었습니다.보통 경매에서는 감정가보다 낮은 가격에 낙찰되는 경우가 많은데, 낙찰가격이 감정가와 비슷한 수준까지 올랐다는 뜻입니다.강남 압구정동과 마포 대흥동에서는 감정가보다 30% 높은 가격에 낙찰된 물건도 있습니다.마포, 성동 등 일부 한강변 자치구까지 매각가율이 100%를 넘었습니다.경매에 대한 관심이 높아진 이유는 또 있습니다.[김유한/정오 경매학원 대표 : 경매로 진입하게 되면 토허제에 대한 영향을 받지 않기 때문에 경매 시장이 더욱더 활성화되는 이유가 되는 것 같기도 합니다.]토지거래허가지역의 경우 아파트를 사면 2년간 실거주해야 하지만, 경매 물건은 예외이기 때문입니다.다만, 전체 경매 물건 중 실제 낙찰되는 비율은 40%에 머물러 있습니다.[강은현/EH경매연구소 소장 : 일부 지역은 100% 넘겨서 낙찰되잖아요. 그러다 보니까 이 친구들이 평균 낙찰가를 끌어올리고 있는데 이건 특정 지역의 아파트에 국한돼 있다는 거죠. 모든 지역의 물건은 안 그래요.]경매 시장에서도 '똘똘한 한 채'에 수요가 몰리는 양극화가 뚜렷하다는 얘기입니다.(영상취재 : 오영춘, 영상편집 : 조무환, 디자인 : 임찬혁)"
"노동부, 노사관계·안전 긴급점검…""'태안화력 사망' 엄중 조치""","▲ 노동부 노사관계 및 산업안전 현안에 대한 긴급 점검회의고용노동부는 16일 김민석 차관 주재로 전국 6개 고용노동청장 및 본부 실·국장이 참석한 가운데 주요 노사관계 및 산업안전 현안에 대한 긴급 점검 회의를 개최했다고 밝혔습니다.최근 노사관계에서는 한화오션 하청노동자들이 참여한 금속노조 경남지부 거제통영고성조선하청지회의 고공 농성이 이어지는 가운데 시내버스·조선·완성차 등 국민 생활과 밀접한 업종에서도 단체교섭이 진행 중이어서 불안 요소가 잠재해 있습니다.또 지난달 19일 SPC삼립 시화공장에서 근로자가 기계에 끼어 숨진 데 이어 이달 2일에도 한국서부발전 태안화력발전소에서 작업 중 하청 노동자가 숨지는 등 현장 안전에 대한 우려가 크고, 여름철 폭염과 집중호우로 인한 사고 가능성도 높아지고 있습니다.김 차관은 ""대화와 타협을 통해 현장 노사갈등을 조기에 해소할 수 있도록 현장의 모든 역량을 동원해야 한다""며 ""본부와 지방청이 한 팀이 돼 현장 중심의 조정·지원 역할을 적극 수행할 것""이라고 강조했습니다.그러면서 ""태안화력발전소 사고의 경우 압수수색 영장이 발부된 만큼 속도감 있게 수사를 진행하고 같은 비극이 되풀이되지 않도록 엄중히 조치하라""고 지시했습니다.김 차관은 이날 회의에서 노동 현장에서 기본을 바로 세우도록 사업주가 근로계약 체결, 임금 명세서 교부, 임금체불 예방, 최저임금 준수의 '4대 기초노동질서'를 반드시 준수할 것을 요청했습니다.아울러 산업현장에서 '재해예방 4대 금지수칙'인 안전장치 해제 금지, 모르는 기계 조작 금지, 보호구 없이 작업 금지, 작동 중 기계 정비 금지가 뿌리내려 일터 체질이 개선될 수 있도록 기관장이 직접 예방 활동에 나서 달라고 당부했습니다.(사진=고용노동부 제공, 연합뉴스)"
"10억 차익 기대에 접속자 폭주…LH, 과천 무순위청약 접수 연장","16일 진행한 경기도 과천시 과천지식정보타운 무순위 청약에 신청자가 몰리면서 청약 사이트 접속이 지연되자 한국토지주택공사(LH)가 접수 마감 시간을 연장했습니다.LH는 이날 '과천 S-7블록 그랑레브데시앙' 재공급 1가구에 대한 청약 접수 기간을 18일 오후 5시까지로 연장한다고 밝혔습니다.앞서 LH는 이날 오전 10시께 LH청약플러스에서 해당 단지 전용면적 55㎡ 1가구에 대한 무순위 청약 접수를 시작했으나 접속자가 몰리며 접수를 위한 페이지 접속 자체가 지연돼 온라인 사이트 등에서 수요자들의 불만 글이 속출했다. 원래 마감 시한은 이날 오후 5시였습니다.LH는 ""분양가 상한제로 저렴하게 공급되는 신혼희망타운 공공분양의 특성상 많은 청약자가 몰려 원활한 접수가 이뤄지지 않아 불가피하게 접수를 연장하게 됐다""면서 ""마감 기한까지 24시간 접수 가능하다""고 밝혔습니다.이러한 접속자 폭주는 예상됐다는 평가입니다.기존 당첨자의 중도금 미납으로 계약이 취소돼 다시 나온 이 아파트의 분양가는 2020년 공고 때와 같은 5억 4천만 원 수준으로, 현재 인근 아파트 시세와 비교할 때 10억원에 가까운 시세 차익이 기대되기 때문입니다.원래 마감 시한인 이날 오후 5시께 접속자 수도 6만 6천여명에 달했습니다.(사진=연합뉴스TV 제공, 연합뉴스)"
'계란 한판 7천 원' 산란계협회가 주도했나…공정위 현장조사,"공정거래위원회가 최근 계란값 상승을 대한산란계협회가 주도한 혐의에 관해 본격 조사에 나섰습니다.오늘(16일) 업계에 따르면 공정위는 공정거래법 위반 혐의로 산란계협회에 조사관 등을 보내 현장조사를 하고 있습니다.현장조사 대상지는 충북 오송 산란계협회 본부와 경기·충남지회 등 총 3곳입니다.공정위는 산란계협회가 고시 가격을 회원사에 따르도록 강제하며 계란 가격을 견인했는지 등을 조사하는 것으로 알려졌습니다.산란계협회는 산란계·산란종계 사육업의 발전과 회원의 권익 향상을 목적으로 2022년 설립된 사단법인입니다.협회가 고시한 계란 산지 가격은 지난 3월 개당 146원에서 최근 190원으로 약 30% 인상됐습니다.계란 산지 가격은 1년 전, 평년보다 각각 6.0%, 4.2% 높은 수준입니다.협회가 고시가격을 따르라고 회원사에 강요했다면 공정거래법상 사업자단체 금지 행위에 해당할 수 있습니다.가격을 짬짜미했다면 담합 혐의가 적용될 수도 있습니다.최근 계란 소비자 가격은 도매가격 상승에 따라 크게 올랐습니다.지난달 평균 계란 소비자 가격은 특란 한 판(30개)에 7천26원으로, 2021년 7월 이후 약 4년 만에 처음으로 7천 원을 넘어섰습니다.산란계협회는 계란 가격 상승이 정부 규제와 소매점의 폭리로 촉발됐다는 입장입니다.공정위 관계자는 ""개별 사건을 확인해 줄 수 없다""고 말했습니다."
"올 1분기 사고사망자 비율, 건설업이 두 번째로 높아","[경제 365]올해 1분기 건설현장에서 대형 사고가 잇따르며 건설업이 광업에 이어 두 번째로 사고사망자 비율이 높은 업종으로 나타났습니다.한국건설산업연구원이 발표한 '2025년 1분기 건설업 사고사망자 현황'에 따르면 근로자 1만 명당 사망자비율을 뜻하는 사고사망만인율이 0.43을 기록했습니다.업종별로는 광업이 1.14으로 가장 높았으며, 건설업 다음으로는 운수 창고 통신업과 임업, 전기가스 증기 및 수도사업 등이 그 뒤를 이었습니다.제조업은 산업 전체 평균인 0.1 수준이었고, 금융 및 보험업 등은 사고사망만인율이 0으로 가장 안전한 업종으로 조사됐습니다.연도별 건설업 사고사망만인율은 2021년 1분기 0.56을 기록한 뒤 그 이후 줄어드는 추세였으나, 지난해 1분기 0.43으로 반등한 뒤 올해도 같은 수준을 보였습니다.---일을 하거나 일자리를 찾는 노인들이 늘면서 60세 이상 경제활동참가율, 경활률은 청년층과 같은 수준까지 올라섰습니다.통계청 국가통계포털에 따르면 지난달 60세 이상 경활률은 49.4%로 집계됐는데, 60세 이상 인구의 절반이 일을 하거나 구직 중이라는 뜻입니다.60세 이상 경활률은 1년 전보다 0.8% 포인트 상승해 1999년 6월 관련 통계가 집계된 뒤로 가장 높았습니다.노령층 경활률은 최근 하락세인 15세에서 29세까지 청년층 경활률을 사실상 따라잡았습니다.지난달 청년층 경활률은 49.5%로 60세 이상과 차이는 0.1% 포인트에 불과했습니다.지역별로 보면 전국 17개 시도 중 올해 1분기 기준으로 60세 이상 경활률이 청년층보다 높은 곳은 10개로 절반이 넘습니다.(영상편집 : 정성훈)* 이 기사는 AI오디오로 제작됐습니다."
"2차 추경, 소득계층별 15만~50만 원 차등지원 '무게'","전국민 민생회복지원금을 소득계층별로 차등 지원하는 방안이 비중있게 검토되는 것으로 알려졌습니다.오늘(16일) 정치권 등에 따르면 조만간 발표되는 2차 추가경정예산안에 민생회복 지원금을 두 차례에 나눠 소득별로 차등 지급하는 방안이 검토되고 있습니다.빠른 소비진작을 위해 기본적으로 전국민에게 15만 원씩 지급하고, 차상위계층·한부모 가정에는 30만 원·기초생활 수급자에는 40만 원을 선별 지급하는 방식입니다.이와 함께 건강보험료를 기준으로 소득상위 10%를 제외한 전국민에 10만 원씩 추가 지급한다는 개념입니다.이렇게 되면 일반국민은 총 25만 원, 차상위계층은 40만 원, 기초생활수급자는 50만 원을 각각 받게 됩니다.빠듯한 세수 여건을 고려하면서도 취약층 지원 효과를 높이려면 차등지급이 불가피한 현실을 고려한 것입니다.다만, 민주당은 '보편 지원' 입장을 고수하고 있다 보니, 최종적인 당정협의 과정에서 수정될 가능성이 있습니다.소득상위 10% 고소득자가 최종안에서 제외될 가능성도 있습니다.기재부는 ""추경의 구체적인 내용은 확정된 바가 없다""고 밝혔습니다."
서울 아파트 분양가 평당 4천568만 원…상승세 지속,지난달 서울 아파트 평균 분양가격이 상승세를 나타내며 3.3㎡(평)당 4천568만 원대를 기록했습니다.주택도시보증공사(HUG)가 오늘(16일) 발표한 '5월 말 민간 아파트 분양가격 동향'에 따르면 서울의 민간 아파트 분양 가격은 3.3㎡(공급 면적 기준)당 4천568만 3천 원으로 전월(4천549만 8천 원) 대비 0.40% 상승했습니다.이는 역대 최고치였던 작년 11월의 4천720만 7천 원보다는 낮은 수준이나 작년 동월(3천869만 8천 원) 대비로는 18.05% 오른 수준입니다.서울 분양가는 지난해 11월 최고점을 찍은 뒤 12월(4천408만 9천 원) 300만 원 가까이 하락했습니다.이후 올 1월 4천413만 2천 원으로 소폭 오른 뒤 상향 곡선을 그리고 있습니다.지난 2~3월에는 동일하게 4천428만 4천 원을 기록했습니다.서울의 이런 상승세와 달리 수도권과 전국의 평균 분양가는 소폭 하락했습니다.인천이 전월과 동일한 1천885만 3천 원을 기록한 가운데 경기는 2천183만 5천 원으로 전월(2천244만 6천 원) 대비 2.72% 하락했습니다.이에 따라 수도권 평균 분양가는 2천879만 원으로 전월(2천893만 2천 원)보다 0.49% 내렸습니다.전국 평균 분양가도 전월(1천902만 5천 원)보다 0.08% 내린 1천901만2천 원으로 집계됐습니다.지방은 지역별로 엇갈렸습니다.5대 광역시와 세종시는 1천883만 6천 원으로 1.22% 올랐으나 기타 지방(강원·충북·충남·전북·전남·경북··경남·제주)은 1천547만4천 원으로 0.96% 내렸습니다.HUG가 매월 발표하는 월평균 분양가격은 공표 직전 12개월간 분양 보증서가 발급된 민간 분양 사업장의 평균 분양가격을 의미합니다.한편 지난달 전국 신규 분양 민간아파트 물량은 총 3천257가구로 전월(1만 5천210가구) 대비 78.6% 급감했습니다.작년 동월(1만 3천712가구)과 비교해도 1만 가구 이상 감소했습니다.수도권 분양 물량이 1만 가구 가까이 줄어든 영향입니다.서울은 전월보다 449가구 줄어든 707가구가 분양했으며 수도권은 9천896가구 감소한 2천223가구 분양에 그쳤습니다.(사진=연합뉴스)
"경찰·노동부, '태안화력 사망사고' 서부발전·한전KPS 압수수색","▲ 사망사고 발생한 태안화력발전소 내 한전KPS 사업소한국서부발전 태안화력발전소에서 작업 중 숨진 하청 노동자 고(故) 김충현 씨 사건을 수사 중인 경찰과 노동당국이 오늘(16일) 발주처와 제1,2차 하청업체 등을 대상으로 본격적인 압수수색에 나섰습니다.충남경찰청 형사기동대 수사전담팀과 고용노동부는 인력 80명을 투입해 이날 오전 10시쯤부터 한국서부발전 본사와 한전KPS 본사, 태안화력발전소 내 한전KPS 태안사무처, 2차 하청업체인 한국파워O&M 사무실 등을 동시에 압수수색하고 있습니다.경찰은 한국서부발전과 한전KPS, 한국파워O&M 간의 계약 관계와 김충현 씨의 근로계약을 증명할 수 있는 계약서, 근로 현장 안전 지침 여부를 확인할 수 있는 서류 등을 집중적으로 확보해 분석에 들어갈 예정입니다.고용노동부는 재해자 작업에 대해 한국서부발전과 한전KPS의 작업지시가 있었는지 여부, 2인 1조 작업 여부, 끼임 방지를 위한 방호장치의 설치 여부 등 법 위반 사실을 밝히기 위한 증거자료 확보에 총력을 기울일 계획입니다.경찰과 노동 당국은 이번 사망사고와 관련해 업무상과실치사, 산업안전보건법, 중대재해처벌법 혐의에 대해 수사하고 있습니다.이번 사고와 관련해 아직 입건된 사람은 없는 것으로 알려졌습니다.수사 당국 관계자는 ""자세한 압수수색 상황은 말할 수 없다""며 ""압수수색 결과에 따라 수사 범위가 더 늘어날 수 있고 입건 여부도 정해질 것으로 보인다""고 밝혔습니다.고 김충현 씨는 지난 2일 오후 2시 30분쯤 태안화력 내 한전KPS 태안화력사업소 기계공작실에서 길이 약 40㎝, 지름 7∼8㎝ 쇠막대를 'CVP 벤트 밸브 핸들'로 절삭 가공하는 작업을 하다 공작기계에 끼이는 사고로 숨졌습니다.고 김충현 씨는 한국서부발전 태안화력의 1차 정비 하청업체인 한전KPS의 재하청을 받은 한국파워O&M 소속으로 사망 당일 혼자 작업하다 변을 당했습니다.국립과학수사연구원은 사인에 관해 ""머리, 팔, 갈비뼈 등 다발성 골절로 인한 사망""이라는 구두 소견을 내놨으며 정밀 부검 결과는 추후 나올 예정입니다.(사진=연합뉴스)"
서울 휘발유 가격 1천700원 돌파…국제유가 상승세 반영 가시화,"이스라엘과 이란의 군사적 긴장 고조로 국제유가가 상승세를 보이는 가운데 서울 주유소 휘발유 평균 판매가가 1천700원을 넘어섰습니다.오늘(16일) 한국석유공사 유가정보시스템 오피넷에 따르면 오늘 오전 10시 30분 기준 서울 주유소 휘발유 평균 판매가는 전일 대비 L당 9.46원 오른 1천705.98원입니다.서울은 지역별 가격이 가장 높은 지역으로, 전국 휘발유 평균 가격은 전일 대비 1.45원 상승한 1천631.72원입니다.경유 평균 판매 가격도 오르고 있습니다.전국 평균 가격은 1.42원 오른 1천493.98원, 서울은 8.89원 증가한 1천584.26원을 기록했습니다.국내 유가는 지난주까지 5주 연속 하락했으나, 최근 국제유가가 상승세로 돌아서면서 이번 주부터 오를 가능성이 큽니다.다만 상승세는 미국과 이란의 협상 차질, 러시아·우크라이나 휴전 협상 지연, 캐나다 산불 원유 공급 차질 우려 등 상승 요인을 반영한 것으로, 중동 긴장 고조에 따른 요인은 반영되지 않았습니다.국제유가 변동은 통상 2∼3주가량 차이를 두고 국내 주유소 가격에 반영됩니다.대한석유협회 관계자는 ""국제유가상승 영향으로 최소 1∼2주는 국내 주유소 가격이 상승할 것으로 보인다""며 ""예단하기는 어렵지만, 국제유가가 더 오른다면 국내 기름값의 상승 폭도 커질 수 있다""고 전망했습니다."
